,Name,RGB,Hex
,Bakerloo,"178, 99, 0",B26300
,Central,"220, 36, 31",DC241F
,Circle,"255, 200, 10",FFC80A
,District,"0, 125, 50",007D32
,Hammersmith & City,"245, 137, 166",F589A6
,Metropolitan,"155, 0, 88",9B0058
,Northern,"0, 0, 0",0
,Piccadilly,"0, 25, 168",0019A8
,Jubilee,"131, 141, 147",838D93
,Victoria,"3, 155, 229",039BE5
,Waterloo & City,"118, 208, 189",76D0BD
,DLR,"0, 175, 173",00AFAD
,Elizabeth line,"96, 57 158",60399E
,National Rail,"0, 0, 0",0
,Overground,"250, 123, 5",FA7B05
,Thameslink,"218, 66, 144",DA4290
,TfL Rail,"0, 25, 168",0019A8
,Tram,"95, 181, 38",5FB526